--
-- PostgreSQL database dump
--

-- Dumped from database version 17.5 (Debian 17.5-1.pgdg120+1)
-- Dumped by pg_dump version 17.5 (Debian 17.5-1.pgdg120+1)

SET statement_timeout = 0;
SET lock_timeout = 0;
SET idle_in_transaction_session_timeout = 0;
SET transaction_timeout = 0;
SET client_encoding = 'UTF8';
SET standard_conforming_strings = on;
SELECT pg_catalog.set_config('search_path', '', false);
SET check_function_bodies = false;
SET xmloption = content;
SET client_min_messages = warning;
SET row_security = off;

SET default_tablespace = '';

SET default_table_access_method = heap;

--
-- Name: add_backend_application; Type: TABLE; Schema: public; Owner: admin
--

CREATE TABLE public.add_backend_application (
    id bigint NOT NULL,
    status character varying(10) NOT NULL,
    created_at timestamp with time zone NOT NULL,
    form_date timestamp with time zone,
    completion_date timestamp with time zone,
    creator_id integer,
    moderator_id integer
);


ALTER TABLE public.add_backend_application OWNER TO admin;

--
-- Name: add_backend_application_id_seq; Type: SEQUENCE; Schema: public; Owner: admin
--

ALTER TABLE public.add_backend_application ALTER COLUMN id ADD GENERATED BY DEFAULT AS IDENTITY (
    SEQUENCE NAME public.add_backend_application_id_seq
    START WITH 1
    INCREMENT BY 1
    NO MINVALUE
    NO MAXVALUE
    CACHE 1
);


--
-- Name: add_backend_applicationservice; Type: TABLE; Schema: public; Owner: admin
--

CREATE TABLE public.add_backend_applicationservice (
    id bigint NOT NULL,
    application_id bigint NOT NULL,
    service_id bigint NOT NULL
);


ALTER TABLE public.add_backend_applicationservice OWNER TO admin;

--
-- Name: add_backend_applicationservice_id_seq; Type: SEQUENCE; Schema: public; Owner: admin
--

ALTER TABLE public.add_backend_applicationservice ALTER COLUMN id ADD GENERATED BY DEFAULT AS IDENTITY (
    SEQUENCE NAME public.add_backend_applicationservice_id_seq
    START WITH 1
    INCREMENT BY 1
    NO MINVALUE
    NO MAXVALUE
    CACHE 1
);


--
-- Name: add_backend_service; Type: TABLE; Schema: public; Owner: admin
--

CREATE TABLE public.add_backend_service (
    id bigint NOT NULL,
    name character varying(255) NOT NULL,
    description text NOT NULL,
    price integer NOT NULL,
    image character varying(100) NOT NULL,
    status character varying(10) NOT NULL
);


ALTER TABLE public.add_backend_service OWNER TO admin;

--
-- Name: add_backend_service_id_seq; Type: SEQUENCE; Schema: public; Owner: admin
--

ALTER TABLE public.add_backend_service ALTER COLUMN id ADD GENERATED BY DEFAULT AS IDENTITY (
    SEQUENCE NAME public.add_backend_service_id_seq
    START WITH 1
    INCREMENT BY 1
    NO MINVALUE
    NO MAXVALUE
    CACHE 1
);


--
-- Name: auth_group; Type: TABLE; Schema: public; Owner: admin
--

CREATE TABLE public.auth_group (
    id integer NOT NULL,
    name character varying(150) NOT NULL
);


ALTER TABLE public.auth_group OWNER TO admin;

--
-- Name: auth_group_id_seq; Type: SEQUENCE; Schema: public; Owner: admin
--

ALTER TABLE public.auth_group ALTER COLUMN id ADD GENERATED BY DEFAULT AS IDENTITY (
    SEQUENCE NAME public.auth_group_id_seq
    START WITH 1
    INCREMENT BY 1
    NO MINVALUE
    NO MAXVALUE
    CACHE 1
);


--
-- Name: auth_group_permissions; Type: TABLE; Schema: public; Owner: admin
--

CREATE TABLE public.auth_group_permissions (
    id bigint NOT NULL,
    group_id integer NOT NULL,
    permission_id integer NOT NULL
);


ALTER TABLE public.auth_group_permissions OWNER TO admin;

--
-- Name: auth_group_permissions_id_seq; Type: SEQUENCE; Schema: public; Owner: admin
--

ALTER TABLE public.auth_group_permissions ALTER COLUMN id ADD GENERATED BY DEFAULT AS IDENTITY (
    SEQUENCE NAME public.auth_group_permissions_id_seq
    START WITH 1
    INCREMENT BY 1
    NO MINVALUE
    NO MAXVALUE
    CACHE 1
);


--
-- Name: auth_permission; Type: TABLE; Schema: public; Owner: admin
--

CREATE TABLE public.auth_permission (
    id integer NOT NULL,
    name character varying(255) NOT NULL,
    content_type_id integer NOT NULL,
    codename character varying(100) NOT NULL
);


ALTER TABLE public.auth_permission OWNER TO admin;

--
-- Name: auth_permission_id_seq; Type: SEQUENCE; Schema: public; Owner: admin
--

ALTER TABLE public.auth_permission ALTER COLUMN id ADD GENERATED BY DEFAULT AS IDENTITY (
    SEQUENCE NAME public.auth_permission_id_seq
    START WITH 1
    INCREMENT BY 1
    NO MINVALUE
    NO MAXVALUE
    CACHE 1
);


--
-- Name: auth_user; Type: TABLE; Schema: public; Owner: admin
--

CREATE TABLE public.auth_user (
    id integer NOT NULL,
    password character varying(128) NOT NULL,
    last_login timestamp with time zone,
    is_superuser boolean NOT NULL,
    username character varying(150) NOT NULL,
    first_name character varying(150) NOT NULL,
    last_name character varying(150) NOT NULL,
    email character varying(254) NOT NULL,
    is_staff boolean NOT NULL,
    is_active boolean NOT NULL,
    date_joined timestamp with time zone NOT NULL
);


ALTER TABLE public.auth_user OWNER TO admin;

--
-- Name: auth_user_groups; Type: TABLE; Schema: public; Owner: admin
--

CREATE TABLE public.auth_user_groups (
    id bigint NOT NULL,
    user_id integer NOT NULL,
    group_id integer NOT NULL
);


ALTER TABLE public.auth_user_groups OWNER TO admin;

--
-- Name: auth_user_groups_id_seq; Type: SEQUENCE; Schema: public; Owner: admin
--

ALTER TABLE public.auth_user_groups ALTER COLUMN id ADD GENERATED BY DEFAULT AS IDENTITY (
    SEQUENCE NAME public.auth_user_groups_id_seq
    START WITH 1
    INCREMENT BY 1
    NO MINVALUE
    NO MAXVALUE
    CACHE 1
);


--
-- Name: auth_user_id_seq; Type: SEQUENCE; Schema: public; Owner: admin
--

ALTER TABLE public.auth_user ALTER COLUMN id ADD GENERATED BY DEFAULT AS IDENTITY (
    SEQUENCE NAME public.auth_user_id_seq
    START WITH 1
    INCREMENT BY 1
    NO MINVALUE
    NO MAXVALUE
    CACHE 1
);


--
-- Name: auth_user_user_permissions; Type: TABLE; Schema: public; Owner: admin
--

CREATE TABLE public.auth_user_user_permissions (
    id bigint NOT NULL,
    user_id integer NOT NULL,
    permission_id integer NOT NULL
);


ALTER TABLE public.auth_user_user_permissions OWNER TO admin;

--
-- Name: auth_user_user_permissions_id_seq; Type: SEQUENCE; Schema: public; Owner: admin
--

ALTER TABLE public.auth_user_user_permissions ALTER COLUMN id ADD GENERATED BY DEFAULT AS IDENTITY (
    SEQUENCE NAME public.auth_user_user_permissions_id_seq
    START WITH 1
    INCREMENT BY 1
    NO MINVALUE
    NO MAXVALUE
    CACHE 1
);


--
-- Name: django_admin_log; Type: TABLE; Schema: public; Owner: admin
--

CREATE TABLE public.django_admin_log (
    id integer NOT NULL,
    action_time timestamp with time zone NOT NULL,
    object_id text,
    object_repr character varying(200) NOT NULL,
    action_flag smallint NOT NULL,
    change_message text NOT NULL,
    content_type_id integer,
    user_id integer NOT NULL,
    CONSTRAINT django_admin_log_action_flag_check CHECK ((action_flag >= 0))
);


ALTER TABLE public.django_admin_log OWNER TO admin;

--
-- Name: django_admin_log_id_seq; Type: SEQUENCE; Schema: public; Owner: admin
--

ALTER TABLE public.django_admin_log ALTER COLUMN id ADD GENERATED BY DEFAULT AS IDENTITY (
    SEQUENCE NAME public.django_admin_log_id_seq
    START WITH 1
    INCREMENT BY 1
    NO MINVALUE
    NO MAXVALUE
    CACHE 1
);


--
-- Name: django_content_type; Type: TABLE; Schema: public; Owner: admin
--

CREATE TABLE public.django_content_type (
    id integer NOT NULL,
    app_label character varying(100) NOT NULL,
    model character varying(100) NOT NULL
);


ALTER TABLE public.django_content_type OWNER TO admin;

--
-- Name: django_content_type_id_seq; Type: SEQUENCE; Schema: public; Owner: admin
--

ALTER TABLE public.django_content_type ALTER COLUMN id ADD GENERATED BY DEFAULT AS IDENTITY (
    SEQUENCE NAME public.django_content_type_id_seq
    START WITH 1
    INCREMENT BY 1
    NO MINVALUE
    NO MAXVALUE
    CACHE 1
);


--
-- Name: django_migrations; Type: TABLE; Schema: public; Owner: admin
--

CREATE TABLE public.django_migrations (
    id bigint NOT NULL,
    app character varying(255) NOT NULL,
    name character varying(255) NOT NULL,
    applied timestamp with time zone NOT NULL
);


ALTER TABLE public.django_migrations OWNER TO admin;

--
-- Name: django_migrations_id_seq; Type: SEQUENCE; Schema: public; Owner: admin
--

ALTER TABLE public.django_migrations ALTER COLUMN id ADD GENERATED BY DEFAULT AS IDENTITY (
    SEQUENCE NAME public.django_migrations_id_seq
    START WITH 1
    INCREMENT BY 1
    NO MINVALUE
    NO MAXVALUE
    CACHE 1
);


--
-- Name: django_session; Type: TABLE; Schema: public; Owner: admin
--

CREATE TABLE public.django_session (
    session_key character varying(40) NOT NULL,
    session_data text NOT NULL,
    expire_date timestamp with time zone NOT NULL
);


ALTER TABLE public.django_session OWNER TO admin;

--
-- Name: token_blacklist_blacklistedtoken; Type: TABLE; Schema: public; Owner: admin
--

CREATE TABLE public.token_blacklist_blacklistedtoken (
    id bigint NOT NULL,
    blacklisted_at timestamp with time zone NOT NULL,
    token_id bigint NOT NULL
);


ALTER TABLE public.token_blacklist_blacklistedtoken OWNER TO admin;

--
-- Name: token_blacklist_blacklistedtoken_id_seq; Type: SEQUENCE; Schema: public; Owner: admin
--

ALTER TABLE public.token_blacklist_blacklistedtoken ALTER COLUMN id ADD GENERATED BY DEFAULT AS IDENTITY (
    SEQUENCE NAME public.token_blacklist_blacklistedtoken_id_seq
    START WITH 1
    INCREMENT BY 1
    NO MINVALUE
    NO MAXVALUE
    CACHE 1
);


--
-- Name: token_blacklist_outstandingtoken; Type: TABLE; Schema: public; Owner: admin
--

CREATE TABLE public.token_blacklist_outstandingtoken (
    id bigint NOT NULL,
    token text NOT NULL,
    created_at timestamp with time zone,
    expires_at timestamp with time zone NOT NULL,
    user_id integer,
    jti character varying(255) NOT NULL
);


ALTER TABLE public.token_blacklist_outstandingtoken OWNER TO admin;

--
-- Name: token_blacklist_outstandingtoken_id_seq; Type: SEQUENCE; Schema: public; Owner: admin
--

ALTER TABLE public.token_blacklist_outstandingtoken ALTER COLUMN id ADD GENERATED BY DEFAULT AS IDENTITY (
    SEQUENCE NAME public.token_blacklist_outstandingtoken_id_seq
    START WITH 1
    INCREMENT BY 1
    NO MINVALUE
    NO MAXVALUE
    CACHE 1
);


--
-- Data for Name: add_backend_application; Type: TABLE DATA; Schema: public; Owner: admin
--

COPY public.add_backend_application (id, status, created_at, form_date, completion_date, creator_id, moderator_id) FROM stdin;
4	draft	2025-05-24 13:43:07.978975+00	\N	\N	1	\N
3	formatted	2025-05-24 13:43:00.022394+00	\N	\N	1	1
5	formatted	2025-05-28 15:50:18.114927+00	\N	\N	7	1
6	draft	2025-06-04 17:49:21.880681+00	\N	\N	1	\N
\.


--
-- Data for Name: add_backend_applicationservice; Type: TABLE DATA; Schema: public; Owner: admin
--

COPY public.add_backend_applicationservice (id, application_id, service_id) FROM stdin;
4	3	2
5	3	1
6	4	1
7	5	1
8	5	2
9	6	1
\.


--
-- Data for Name: add_backend_service; Type: TABLE DATA; Schema: public; Owner: admin
--

COPY public.add_backend_service (id, name, description, price, image, status) FROM stdin;
1	Гигабитный интернет	Скорость до 1 Гбит/с, низкий пинг	1200	assets_task_01jx71v2pxe5gtx7hk1yqvbynv_1749362307_img_1.webp	active
3	Оптоволоконный интернет 200 Мбит/с	Стабильное соединение для офисов и домов.	800	assets_task_01jx71zxvafg8septsgvqfq43n_1749362465_img_0.webp	active
2	Домашний 100 Мбит/с	Интернет 100 Мбит/с без ограничений	500	assets_task_01jx726n9mf7h8t9rncf69tg0m_1749362688_img_0.webp	active
\.


--
-- Data for Name: auth_group; Type: TABLE DATA; Schema: public; Owner: admin
--

COPY public.auth_group (id, name) FROM stdin;
\.


--
-- Data for Name: auth_group_permissions; Type: TABLE DATA; Schema: public; Owner: admin
--

COPY public.auth_group_permissions (id, group_id, permission_id) FROM stdin;
\.


--
-- Data for Name: auth_permission; Type: TABLE DATA; Schema: public; Owner: admin
--

COPY public.auth_permission (id, name, content_type_id, codename) FROM stdin;
1	Can add log entry	1	add_logentry
2	Can change log entry	1	change_logentry
3	Can delete log entry	1	delete_logentry
4	Can view log entry	1	view_logentry
5	Can add permission	2	add_permission
6	Can change permission	2	change_permission
7	Can delete permission	2	delete_permission
8	Can view permission	2	view_permission
9	Can add group	3	add_group
10	Can change group	3	change_group
11	Can delete group	3	delete_group
12	Can view group	3	view_group
13	Can add user	4	add_user
14	Can change user	4	change_user
15	Can delete user	4	delete_user
16	Can view user	4	view_user
17	Can add content type	5	add_contenttype
18	Can change content type	5	change_contenttype
19	Can delete content type	5	delete_contenttype
20	Can view content type	5	view_contenttype
21	Can add session	6	add_session
22	Can change session	6	change_session
23	Can delete session	6	delete_session
24	Can view session	6	view_session
25	Can add service	7	add_service
26	Can change service	7	change_service
27	Can delete service	7	delete_service
28	Can view service	7	view_service
29	Can add application	8	add_application
30	Can change application	8	change_application
31	Can delete application	8	delete_application
32	Can view application	8	view_application
33	Can add application service	9	add_applicationservice
34	Can change application service	9	change_applicationservice
35	Can delete application service	9	delete_applicationservice
36	Can view application service	9	view_applicationservice
37	Can add blacklisted token	10	add_blacklistedtoken
38	Can change blacklisted token	10	change_blacklistedtoken
39	Can delete blacklisted token	10	delete_blacklistedtoken
40	Can view blacklisted token	10	view_blacklistedtoken
41	Can add outstanding token	11	add_outstandingtoken
42	Can change outstanding token	11	change_outstandingtoken
43	Can delete outstanding token	11	delete_outstandingtoken
44	Can view outstanding token	11	view_outstandingtoken
\.


--
-- Data for Name: auth_user; Type: TABLE DATA; Schema: public; Owner: admin
--

COPY public.auth_user (id, password, last_login, is_superuser, username, first_name, last_name, email, is_staff, is_active, date_joined) FROM stdin;
7	pbkdf2_sha256$600000$OYjVjWpde9CrI7LPKQulcw$JoldAnTrpgP6AU1Xi6PI6y33DN0N+dm4MVNeGjNWnmk=	\N	f	gas			gas@gmail.com	f	t	2025-05-28 15:50:09.733627+00
1	pbkdf2_sha256$600000$UsbCV9V62jCgli7caovInE$DfQUD3Sxe/9xvcSsDqo/L6Qmn5WrQy/jcftpt5k1oeo=	2025-06-05 20:19:35.502491+00	t	admin				t	t	2025-05-24 12:24:28.362752+00
\.


--
-- Data for Name: auth_user_groups; Type: TABLE DATA; Schema: public; Owner: admin
--

COPY public.auth_user_groups (id, user_id, group_id) FROM stdin;
\.


--
-- Data for Name: auth_user_user_permissions; Type: TABLE DATA; Schema: public; Owner: admin
--

COPY public.auth_user_user_permissions (id, user_id, permission_id) FROM stdin;
\.


--
-- Data for Name: django_admin_log; Type: TABLE DATA; Schema: public; Owner: admin
--

COPY public.django_admin_log (id, action_time, object_id, object_repr, action_flag, change_message, content_type_id, user_id) FROM stdin;
1	2025-05-24 12:46:13.584097+00	1	Gigabit	1	[{"added": {}}]	7	1
2	2025-05-24 13:12:38.292926+00	2	Dlinnie	1	[{"added": {}}]	7	1
3	2025-05-24 13:20:02.477766+00	2	Dlinnie	2	[{"changed": {"fields": ["Description"]}}]	7	1
4	2025-05-24 13:42:32.249963+00	2	Заявка #2 от admin	3		8	1
5	2025-05-24 13:42:32.25+00	1	Заявка #1 от admin	3		8	1
6	2025-06-05 20:21:55.950404+00	2	Домашний 100 Мбит/с	2	[{"changed": {"fields": ["Name", "Description", "Price", "Object Upload"]}}]	7	1
7	2025-06-05 20:22:25.059471+00	1	Гигабитный интернет	2	[{"changed": {"fields": ["Name", "Description", "Price", "Object Upload"]}}]	7	1
8	2025-06-05 20:22:31.453289+00	2	Домашний 100 Мбит/с	2	[{"changed": {"fields": ["Object Upload"]}}]	7	1
9	2025-06-05 20:23:03.991716+00	3	Оптоволоконный интернет 200 Мбит/с	1	[{"added": {}}]	7	1
10	2025-06-08 05:59:34.509927+00	1	Гигабитный интернет	2	[{"changed": {"fields": ["Object Upload"]}}]	7	1
11	2025-06-08 06:03:02.131996+00	3	Оптоволоконный интернет 200 Мбит/с	2	[{"changed": {"fields": ["Object Upload"]}}]	7	1
12	2025-06-08 06:05:28.423872+00	2	Домашний 100 Мбит/с	2	[{"changed": {"fields": ["Object Upload"]}}]	7	1
\.


--
-- Data for Name: django_content_type; Type: TABLE DATA; Schema: public; Owner: admin
--

COPY public.django_content_type (id, app_label, model) FROM stdin;
1	admin	logentry
2	auth	permission
3	auth	group
4	auth	user
5	contenttypes	contenttype
6	sessions	session
7	add_backend	service
8	add_backend	application
9	add_backend	applicationservice
10	token_blacklist	blacklistedtoken
11	token_blacklist	outstandingtoken
\.


--
-- Data for Name: django_migrations; Type: TABLE DATA; Schema: public; Owner: admin
--

COPY public.django_migrations (id, app, name, applied) FROM stdin;
1	contenttypes	0001_initial	2025-05-24 12:24:09.484473+00
2	auth	0001_initial	2025-05-24 12:24:09.5193+00
3	add_backend	0001_initial	2025-05-24 12:24:09.542347+00
4	add_backend	0002_alter_application_creator_and_more	2025-05-24 12:24:09.569673+00
5	add_backend	0003_alter_service_image	2025-05-24 12:24:09.576751+00
6	add_backend	0004_alter_service_image	2025-05-24 12:24:09.581535+00
7	admin	0001_initial	2025-05-24 12:24:09.597163+00
8	admin	0002_logentry_remove_auto_add	2025-05-24 12:24:09.606537+00
9	admin	0003_logentry_add_action_flag_choices	2025-05-24 12:24:09.614004+00
10	contenttypes	0002_remove_content_type_name	2025-05-24 12:24:09.628252+00
11	auth	0002_alter_permission_name_max_length	2025-05-24 12:24:09.636745+00
12	auth	0003_alter_user_email_max_length	2025-05-24 12:24:09.643887+00
13	auth	0004_alter_user_username_opts	2025-05-24 12:24:09.650814+00
14	auth	0005_alter_user_last_login_null	2025-05-24 12:24:09.658243+00
15	auth	0006_require_contenttypes_0002	2025-05-24 12:24:09.66094+00
16	auth	0007_alter_validators_add_error_messages	2025-05-24 12:24:09.667854+00
17	auth	0008_alter_user_username_max_length	2025-05-24 12:24:09.677131+00
18	auth	0009_alter_user_last_name_max_length	2025-05-24 12:24:09.685308+00
19	auth	0010_alter_group_name_max_length	2025-05-24 12:24:09.694138+00
20	auth	0011_update_proxy_permissions	2025-05-24 12:24:09.70165+00
21	auth	0012_alter_user_first_name_max_length	2025-05-24 12:24:09.709525+00
22	sessions	0001_initial	2025-05-24 12:24:09.717794+00
23	token_blacklist	0001_initial	2025-05-24 12:24:09.740025+00
24	token_blacklist	0002_outstandingtoken_jti_hex	2025-05-24 12:24:09.747883+00
25	token_blacklist	0003_auto_20171017_2007	2025-05-24 12:24:09.757531+00
26	token_blacklist	0004_auto_20171017_2013	2025-05-24 12:24:09.767095+00
27	token_blacklist	0005_remove_outstandingtoken_jti	2025-05-24 12:24:09.780264+00
28	token_blacklist	0006_auto_20171017_2113	2025-05-24 12:24:09.788019+00
29	token_blacklist	0007_auto_20171017_2214	2025-05-24 12:24:09.805595+00
30	token_blacklist	0008_migrate_to_bigautofield	2025-05-24 12:24:09.830755+00
31	token_blacklist	0010_fix_migrate_to_bigautofield	2025-05-24 12:24:09.841678+00
32	token_blacklist	0011_linearizes_history	2025-05-24 12:24:09.845264+00
33	token_blacklist	0012_alter_outstandingtoken_user	2025-05-24 12:24:09.854171+00
34	add_backend	0005_alter_application_status_alter_service_image	2025-06-05 20:10:23.906164+00
\.


--
-- Data for Name: django_session; Type: TABLE DATA; Schema: public; Owner: admin
--

COPY public.django_session (session_key, session_data, expire_date) FROM stdin;
4vwb89fang8d52g060j2u5ozjkz123kx	.eJxVjEEOgjAQRe_StWnaKVMGl-49A5mZtoIaSCisjHdXEha6_e-9_zI9b-vQbzUv_ZjM2Xhz-t2E9ZGnHaQ7T7fZ6jytyyh2V-xBq73OKT8vh_t3MHAdvnXTFaSWkJiTaOM6FEcxtFIiMJPXFLEIMahC8AEJ0UN2UFwDCBrM-wPZizc5:1uNH3n:SPYsVADd9XE5TOEEIAbOkbzBsWY9IS0MuXCGY2aSq9U	2025-06-19 20:19:35.505039+00
\.


--
-- Data for Name: token_blacklist_blacklistedtoken; Type: TABLE DATA; Schema: public; Owner: admin
--

COPY public.token_blacklist_blacklistedtoken (id, blacklisted_at, token_id) FROM stdin;
1	2025-05-24 14:49:05.12427+00	1
3	2025-06-05 20:18:32.873435+00	9
4	2025-06-05 21:47:28.515981+00	10
\.


--
-- Data for Name: token_blacklist_outstandingtoken; Type: TABLE DATA; Schema: public; Owner: admin
--

COPY public.token_blacklist_outstandingtoken (id, token, created_at, expires_at, user_id, jti) FROM stdin;
1	eyJhbGciOiJIUzI1NiIsInR5cCI6IkpXVCJ9.eyJ0b2tlbl90eXBlIjoicmVmcmVzaCIsImV4cCI6MTc1MDUxOTM3MSwiaWF0IjoxNzQ3OTI3MzcxLCJqdGkiOiI0YzNmMmI4ZTIwZTk0ZWY0YTVjYTMyOTNjOWRhMDE4ZSIsInVzZXJfaWQiOjF9.ftRIc_EEWl9VTbkqmEojIOA_dFvJ1bfFXCGDIGtNiSs	\N	2025-06-21 15:22:51+00	\N	4c3f2b8e20e94ef4a5ca3293c9da018e
3	eyJhbGciOiJIUzI1NiIsInR5cCI6IkpXVCJ9.eyJ0b2tlbl90eXBlIjoicmVmcmVzaCIsImV4cCI6MTc0ODUzMzc3MCwiaWF0IjoxNzQ4NDQ3MzcwLCJqdGkiOiIwNGM4MTI3YTFlMmM0YWFiYmMyMDRmNmU5OWYyNGU5ZCIsInVzZXJfaWQiOjF9.a1LkJMuKOGhjWr0YoZIdxCXHvTVWcrHySuWM6f5Xc6E	2025-05-28 15:49:30.977259+00	2025-05-29 15:49:30+00	1	04c8127a1e2c4aabbc204f6e99f24e9d
4	eyJhbGciOiJIUzI1NiIsInR5cCI6IkpXVCJ9.eyJ0b2tlbl90eXBlIjoicmVmcmVzaCIsImV4cCI6MTc0ODUzMzgwOSwiaWF0IjoxNzQ4NDQ3NDA5LCJqdGkiOiI3ZDgzM2MwYjRlMGM0YWIyYjYyN2EyM2I1MDAzN2I3OSIsInVzZXJfaWQiOjd9.uEChdoOeAso3J35C4VbC8LA9cX4wJLYyjtw5aYN8fzI	2025-05-28 15:50:09.868451+00	2025-05-29 15:50:09+00	7	7d833c0b4e0c4ab2b627a23b50037b79
5	eyJhbGciOiJIUzI1NiIsInR5cCI6IkpXVCJ9.eyJ0b2tlbl90eXBlIjoicmVmcmVzaCIsImV4cCI6MTc0ODUzMzgyOCwiaWF0IjoxNzQ4NDQ3NDI4LCJqdGkiOiJkYjgxNGU5YTkzYWM0ZDA4YjJhY2VlNjIzNjQxMzEwYyIsInVzZXJfaWQiOjF9.UAbFPktD5xktLYy2Ox0tMT4a8VuRRbwllp8e2hlfXW0	2025-05-28 15:50:28.221832+00	2025-05-29 15:50:28+00	1	db814e9a93ac4d08b2acee623641310c
6	eyJhbGciOiJIUzI1NiIsInR5cCI6IkpXVCJ9.eyJ0b2tlbl90eXBlIjoicmVmcmVzaCIsImV4cCI6MTc0ODUzMzg0NywiaWF0IjoxNzQ4NDQ3NDQ3LCJqdGkiOiIzNWIwZjViYzA2NjI0NDg1Yjk3YmFmZGRiZWExMzI2NSIsInVzZXJfaWQiOjd9.AYbD7vJAMWiuMlq2Ozuurs-5f_YoX2FwFW9jNMlicqI	2025-05-28 15:50:47.933978+00	2025-05-29 15:50:47+00	7	35b0f5bc06624485b97bafddbea13265
7	eyJhbGciOiJIUzI1NiIsInR5cCI6IkpXVCJ9.eyJ0b2tlbl90eXBlIjoicmVmcmVzaCIsImV4cCI6MTc0ODYzNDUyMSwiaWF0IjoxNzQ4NTQ4MTIxLCJqdGkiOiI5MzdlYWUwODgxYmI0NjZjOGZjM2IzYWQ0OThjMmZlYyIsInVzZXJfaWQiOjF9.uf5LkcG9GRF47Jo27FyRPcRPS9LCroZ6oNMZ0QCFaU4	2025-05-29 19:48:41.835045+00	2025-05-30 19:48:41+00	1	937eae0881bb466c8fc3b3ad498c2fec
8	eyJhbGciOiJIUzI1NiIsInR5cCI6IkpXVCJ9.eyJ0b2tlbl90eXBlIjoicmVmcmVzaCIsImV4cCI6MTc0ODk2OTk0MiwiaWF0IjoxNzQ4ODgzNTQyLCJqdGkiOiJhMGZiY2U3YWY2OGI0OWFlOTVkMTUwZmNlZWU4MzU4YiIsInVzZXJfaWQiOjF9.t4WrajfOpE0U42cmQi00ZQ8TjgkSzq3xv59qSp4CixU	2025-06-02 16:59:02.737964+00	2025-06-03 16:59:02+00	1	a0fbce7af68b49ae95d150fceee8358b
9	eyJhbGciOiJIUzI1NiIsInR5cCI6IkpXVCJ9.eyJ0b2tlbl90eXBlIjoicmVmcmVzaCIsImV4cCI6MTc1MTY0NTU4MCwiaWF0IjoxNzQ5MDUzNTgwLCJqdGkiOiI0NDQ1Y2MyNjA0ZWY0ZDhmOWMzMWY0NDhmOTZkNTI4MyIsInVzZXJfaWQiOjF9.DOoW8tfmX9ecMybjeZXZGdo85YZx0-euP67N8Cvxl_A	2025-06-04 16:13:00.297237+00	2025-07-04 16:13:00+00	1	4445cc2604ef4d8f9c31f448f96d5283
10	eyJhbGciOiJIUzI1NiIsInR5cCI6IkpXVCJ9.eyJ0b2tlbl90eXBlIjoicmVmcmVzaCIsImV4cCI6MTc0OTI0MTgxOCwiaWF0IjoxNzQ5MTU1NDE4LCJqdGkiOiI1YTg1Njk2YWYyZGE0MjY0YjllMTZmZGUyYTQ4NTU5NiIsInVzZXJfaWQiOjF9.D5fN42_NRW0Hq1qGSedOfwsPXqXytinadHb3g9LppHM	2025-06-05 20:30:18.508712+00	2025-06-06 20:30:18+00	1	5a85696af2da4264b9e16fde2a485596
11	eyJhbGciOiJIUzI1NiIsInR5cCI6IkpXVCJ9.eyJ0b2tlbl90eXBlIjoicmVmcmVzaCIsImV4cCI6MTc0OTQ0ODMyNSwiaWF0IjoxNzQ5MzYxOTI1LCJqdGkiOiJjMjJiMDRjZDg4YmQ0OTYxOGM5YjczZDZiZWM2ZjgwMSIsInVzZXJfaWQiOjF9.FKby-Rzf6UKDhmCwC1Qf2t2qM5OL0VyTmwIj3KwFbuk	2025-06-08 05:52:05.181184+00	2025-06-09 05:52:05+00	1	c22b04cd88bd49618c9b73d6bec6f801
\.


--
-- Name: add_backend_application_id_seq; Type: SEQUENCE SET; Schema: public; Owner: admin
--

SELECT pg_catalog.setval('public.add_backend_application_id_seq', 6, true);


--
-- Name: add_backend_applicationservice_id_seq; Type: SEQUENCE SET; Schema: public; Owner: admin
--

SELECT pg_catalog.setval('public.add_backend_applicationservice_id_seq', 9, true);


--
-- Name: add_backend_service_id_seq; Type: SEQUENCE SET; Schema: public; Owner: admin
--

SELECT pg_catalog.setval('public.add_backend_service_id_seq', 3, true);


--
-- Name: auth_group_id_seq; Type: SEQUENCE SET; Schema: public; Owner: admin
--

SELECT pg_catalog.setval('public.auth_group_id_seq', 1, false);


--
-- Name: auth_group_permissions_id_seq; Type: SEQUENCE SET; Schema: public; Owner: admin
--

SELECT pg_catalog.setval('public.auth_group_permissions_id_seq', 1, false);


--
-- Name: auth_permission_id_seq; Type: SEQUENCE SET; Schema: public; Owner: admin
--

SELECT pg_catalog.setval('public.auth_permission_id_seq', 44, true);


--
-- Name: auth_user_groups_id_seq; Type: SEQUENCE SET; Schema: public; Owner: admin
--

SELECT pg_catalog.setval('public.auth_user_groups_id_seq', 1, false);


--
-- Name: auth_user_id_seq; Type: SEQUENCE SET; Schema: public; Owner: admin
--

SELECT pg_catalog.setval('public.auth_user_id_seq', 44, true);


--
-- Name: auth_user_user_permissions_id_seq; Type: SEQUENCE SET; Schema: public; Owner: admin
--

SELECT pg_catalog.setval('public.auth_user_user_permissions_id_seq', 1, false);


--
-- Name: django_admin_log_id_seq; Type: SEQUENCE SET; Schema: public; Owner: admin
--

SELECT pg_catalog.setval('public.django_admin_log_id_seq', 12, true);


--
-- Name: django_content_type_id_seq; Type: SEQUENCE SET; Schema: public; Owner: admin
--

SELECT pg_catalog.setval('public.django_content_type_id_seq', 11, true);


--
-- Name: django_migrations_id_seq; Type: SEQUENCE SET; Schema: public; Owner: admin
--

SELECT pg_catalog.setval('public.django_migrations_id_seq', 34, true);


--
-- Name: token_blacklist_blacklistedtoken_id_seq; Type: SEQUENCE SET; Schema: public; Owner: admin
--

SELECT pg_catalog.setval('public.token_blacklist_blacklistedtoken_id_seq', 4, true);


--
-- Name: token_blacklist_outstandingtoken_id_seq; Type: SEQUENCE SET; Schema: public; Owner: admin
--

SELECT pg_catalog.setval('public.token_blacklist_outstandingtoken_id_seq', 11, true);


--
-- Name: add_backend_application add_backend_application_pkey; Type: CONSTRAINT; Schema: public; Owner: admin
--

ALTER TABLE ONLY public.add_backend_application
    ADD CONSTRAINT add_backend_application_pkey PRIMARY KEY (id);


--
-- Name: add_backend_applicationservice add_backend_applications_application_id_service_i_984b1e0d_uniq; Type: CONSTRAINT; Schema: public; Owner: admin
--

ALTER TABLE ONLY public.add_backend_applicationservice
    ADD CONSTRAINT add_backend_applications_application_id_service_i_984b1e0d_uniq UNIQUE (application_id, service_id);


--
-- Name: add_backend_applicationservice add_backend_applicationservice_pkey; Type: CONSTRAINT; Schema: public; Owner: admin
--

ALTER TABLE ONLY public.add_backend_applicationservice
    ADD CONSTRAINT add_backend_applicationservice_pkey PRIMARY KEY (id);


--
-- Name: add_backend_service add_backend_service_pkey; Type: CONSTRAINT; Schema: public; Owner: admin
--

ALTER TABLE ONLY public.add_backend_service
    ADD CONSTRAINT add_backend_service_pkey PRIMARY KEY (id);


--
-- Name: auth_group auth_group_name_key; Type: CONSTRAINT; Schema: public; Owner: admin
--

ALTER TABLE ONLY public.auth_group
    ADD CONSTRAINT auth_group_name_key UNIQUE (name);


--
-- Name: auth_group_permissions auth_group_permissions_group_id_permission_id_0cd325b0_uniq; Type: CONSTRAINT; Schema: public; Owner: admin
--

ALTER TABLE ONLY public.auth_group_permissions
    ADD CONSTRAINT auth_group_permissions_group_id_permission_id_0cd325b0_uniq UNIQUE (group_id, permission_id);


--
-- Name: auth_group_permissions auth_group_permissions_pkey; Type: CONSTRAINT; Schema: public; Owner: admin
--

ALTER TABLE ONLY public.auth_group_permissions
    ADD CONSTRAINT auth_group_permissions_pkey PRIMARY KEY (id);


--
-- Name: auth_group auth_group_pkey; Type: CONSTRAINT; Schema: public; Owner: admin
--

ALTER TABLE ONLY public.auth_group
    ADD CONSTRAINT auth_group_pkey PRIMARY KEY (id);


--
-- Name: auth_permission auth_permission_content_type_id_codename_01ab375a_uniq; Type: CONSTRAINT; Schema: public; Owner: admin
--

ALTER TABLE ONLY public.auth_permission
    ADD CONSTRAINT auth_permission_content_type_id_codename_01ab375a_uniq UNIQUE (content_type_id, codename);


--
-- Name: auth_permission auth_permission_pkey; Type: CONSTRAINT; Schema: public; Owner: admin
--

ALTER TABLE ONLY public.auth_permission
    ADD CONSTRAINT auth_permission_pkey PRIMARY KEY (id);


--
-- Name: auth_user_groups auth_user_groups_pkey; Type: CONSTRAINT; Schema: public; Owner: admin
--

ALTER TABLE ONLY public.auth_user_groups
    ADD CONSTRAINT auth_user_groups_pkey PRIMARY KEY (id);


--
-- Name: auth_user_groups auth_user_groups_user_id_group_id_94350c0c_uniq; Type: CONSTRAINT; Schema: public; Owner: admin
--

ALTER TABLE ONLY public.auth_user_groups
    ADD CONSTRAINT auth_user_groups_user_id_group_id_94350c0c_uniq UNIQUE (user_id, group_id);


--
-- Name: auth_user auth_user_pkey; Type: CONSTRAINT; Schema: public; Owner: admin
--

ALTER TABLE ONLY public.auth_user
    ADD CONSTRAINT auth_user_pkey PRIMARY KEY (id);


--
-- Name: auth_user_user_permissions auth_user_user_permissions_pkey; Type: CONSTRAINT; Schema: public; Owner: admin
--

ALTER TABLE ONLY public.auth_user_user_permissions
    ADD CONSTRAINT auth_user_user_permissions_pkey PRIMARY KEY (id);


--
-- Name: auth_user_user_permissions auth_user_user_permissions_user_id_permission_id_14a6b632_uniq; Type: CONSTRAINT; Schema: public; Owner: admin
--

ALTER TABLE ONLY public.auth_user_user_permissions
    ADD CONSTRAINT auth_user_user_permissions_user_id_permission_id_14a6b632_uniq UNIQUE (user_id, permission_id);


--
-- Name: auth_user auth_user_username_key; Type: CONSTRAINT; Schema: public; Owner: admin
--

ALTER TABLE ONLY public.auth_user
    ADD CONSTRAINT auth_user_username_key UNIQUE (username);


--
-- Name: django_admin_log django_admin_log_pkey; Type: CONSTRAINT; Schema: public; Owner: admin
--

ALTER TABLE ONLY public.django_admin_log
    ADD CONSTRAINT django_admin_log_pkey PRIMARY KEY (id);


--
-- Name: django_content_type django_content_type_app_label_model_76bd3d3b_uniq; Type: CONSTRAINT; Schema: public; Owner: admin
--

ALTER TABLE ONLY public.django_content_type
    ADD CONSTRAINT django_content_type_app_label_model_76bd3d3b_uniq UNIQUE (app_label, model);


--
-- Name: django_content_type django_content_type_pkey; Type: CONSTRAINT; Schema: public; Owner: admin
--

ALTER TABLE ONLY public.django_content_type
    ADD CONSTRAINT django_content_type_pkey PRIMARY KEY (id);


--
-- Name: django_migrations django_migrations_pkey; Type: CONSTRAINT; Schema: public; Owner: admin
--

ALTER TABLE ONLY public.django_migrations
    ADD CONSTRAINT django_migrations_pkey PRIMARY KEY (id);


--
-- Name: django_session django_session_pkey; Type: CONSTRAINT; Schema: public; Owner: admin
--

ALTER TABLE ONLY public.django_session
    ADD CONSTRAINT django_session_pkey PRIMARY KEY (session_key);


--
-- Name: token_blacklist_blacklistedtoken token_blacklist_blacklistedtoken_pkey; Type: CONSTRAINT; Schema: public; Owner: admin
--

ALTER TABLE ONLY public.token_blacklist_blacklistedtoken
    ADD CONSTRAINT token_blacklist_blacklistedtoken_pkey PRIMARY KEY (id);


--
-- Name: token_blacklist_blacklistedtoken token_blacklist_blacklistedtoken_token_id_key; Type: CONSTRAINT; Schema: public; Owner: admin
--

ALTER TABLE ONLY public.token_blacklist_blacklistedtoken
    ADD CONSTRAINT token_blacklist_blacklistedtoken_token_id_key UNIQUE (token_id);


--
-- Name: token_blacklist_outstandingtoken token_blacklist_outstandingtoken_jti_hex_d9bdf6f7_uniq; Type: CONSTRAINT; Schema: public; Owner: admin
--

ALTER TABLE ONLY public.token_blacklist_outstandingtoken
    ADD CONSTRAINT token_blacklist_outstandingtoken_jti_hex_d9bdf6f7_uniq UNIQUE (jti);


--
-- Name: token_blacklist_outstandingtoken token_blacklist_outstandingtoken_pkey; Type: CONSTRAINT; Schema: public; Owner: admin
--

ALTER TABLE ONLY public.token_blacklist_outstandingtoken
    ADD CONSTRAINT token_blacklist_outstandingtoken_pkey PRIMARY KEY (id);


--
-- Name: add_backend_application_creator_id_a6490fe1; Type: INDEX; Schema: public; Owner: admin
--

CREATE INDEX add_backend_application_creator_id_a6490fe1 ON public.add_backend_application USING btree (creator_id);


--
-- Name: add_backend_application_moderator_id_55172efe; Type: INDEX; Schema: public; Owner: admin
--

CREATE INDEX add_backend_application_moderator_id_55172efe ON public.add_backend_application USING btree (moderator_id);


--
-- Name: add_backend_applicationservice_application_id_e34ad053; Type: INDEX; Schema: public; Owner: admin
--

CREATE INDEX add_backend_applicationservice_application_id_e34ad053 ON public.add_backend_applicationservice USING btree (application_id);


--
-- Name: add_backend_applicationservice_service_id_2ca3cef0; Type: INDEX; Schema: public; Owner: admin
--

CREATE INDEX add_backend_applicationservice_service_id_2ca3cef0 ON public.add_backend_applicationservice USING btree (service_id);


--
-- Name: auth_group_name_a6ea08ec_like; Type: INDEX; Schema: public; Owner: admin
--

CREATE INDEX auth_group_name_a6ea08ec_like ON public.auth_group USING btree (name varchar_pattern_ops);


--
-- Name: auth_group_permissions_group_id_b120cbf9; Type: INDEX; Schema: public; Owner: admin
--

CREATE INDEX auth_group_permissions_group_id_b120cbf9 ON public.auth_group_permissions USING btree (group_id);


--
-- Name: auth_group_permissions_permission_id_84c5c92e; Type: INDEX; Schema: public; Owner: admin
--

CREATE INDEX auth_group_permissions_permission_id_84c5c92e ON public.auth_group_permissions USING btree (permission_id);


--
-- Name: auth_permission_content_type_id_2f476e4b; Type: INDEX; Schema: public; Owner: admin
--

CREATE INDEX auth_permission_content_type_id_2f476e4b ON public.auth_permission USING btree (content_type_id);


--
-- Name: auth_user_groups_group_id_97559544; Type: INDEX; Schema: public; Owner: admin
--

CREATE INDEX auth_user_groups_group_id_97559544 ON public.auth_user_groups USING btree (group_id);


--
-- Name: auth_user_groups_user_id_6a12ed8b; Type: INDEX; Schema: public; Owner: admin
--

CREATE INDEX auth_user_groups_user_id_6a12ed8b ON public.auth_user_groups USING btree (user_id);


--
-- Name: auth_user_user_permissions_permission_id_1fbb5f2c; Type: INDEX; Schema: public; Owner: admin
--

CREATE INDEX auth_user_user_permissions_permission_id_1fbb5f2c ON public.auth_user_user_permissions USING btree (permission_id);


--
-- Name: auth_user_user_permissions_user_id_a95ead1b; Type: INDEX; Schema: public; Owner: admin
--

CREATE INDEX auth_user_user_permissions_user_id_a95ead1b ON public.auth_user_user_permissions USING btree (user_id);


--
-- Name: auth_user_username_6821ab7c_like; Type: INDEX; Schema: public; Owner: admin
--

CREATE INDEX auth_user_username_6821ab7c_like ON public.auth_user USING btree (username varchar_pattern_ops);


--
-- Name: django_admin_log_content_type_id_c4bce8eb; Type: INDEX; Schema: public; Owner: admin
--

CREATE INDEX django_admin_log_content_type_id_c4bce8eb ON public.django_admin_log USING btree (content_type_id);


--
-- Name: django_admin_log_user_id_c564eba6; Type: INDEX; Schema: public; Owner: admin
--

CREATE INDEX django_admin_log_user_id_c564eba6 ON public.django_admin_log USING btree (user_id);


--
-- Name: django_session_expire_date_a5c62663; Type: INDEX; Schema: public; Owner: admin
--

CREATE INDEX django_session_expire_date_a5c62663 ON public.django_session USING btree (expire_date);


--
-- Name: django_session_session_key_c0390e0f_like; Type: INDEX; Schema: public; Owner: admin
--

CREATE INDEX django_session_session_key_c0390e0f_like ON public.django_session USING btree (session_key varchar_pattern_ops);


--
-- Name: token_blacklist_outstandingtoken_jti_hex_d9bdf6f7_like; Type: INDEX; Schema: public; Owner: admin
--

CREATE INDEX token_blacklist_outstandingtoken_jti_hex_d9bdf6f7_like ON public.token_blacklist_outstandingtoken USING btree (jti varchar_pattern_ops);


--
-- Name: token_blacklist_outstandingtoken_user_id_83bc629a; Type: INDEX; Schema: public; Owner: admin
--

CREATE INDEX token_blacklist_outstandingtoken_user_id_83bc629a ON public.token_blacklist_outstandingtoken USING btree (user_id);


--
-- Name: add_backend_applicationservice add_backend_applicat_application_id_e34ad053_fk_add_backe; Type: FK CONSTRAINT; Schema: public; Owner: admin
--

ALTER TABLE ONLY public.add_backend_applicationservice
    ADD CONSTRAINT add_backend_applicat_application_id_e34ad053_fk_add_backe FOREIGN KEY (application_id) REFERENCES public.add_backend_application(id) DEFERRABLE INITIALLY DEFERRED;


--
-- Name: add_backend_applicationservice add_backend_applicat_service_id_2ca3cef0_fk_add_backe; Type: FK CONSTRAINT; Schema: public; Owner: admin
--

ALTER TABLE ONLY public.add_backend_applicationservice
    ADD CONSTRAINT add_backend_applicat_service_id_2ca3cef0_fk_add_backe FOREIGN KEY (service_id) REFERENCES public.add_backend_service(id) DEFERRABLE INITIALLY DEFERRED;


--
-- Name: add_backend_application add_backend_application_creator_id_a6490fe1_fk_auth_user_id; Type: FK CONSTRAINT; Schema: public; Owner: admin
--

ALTER TABLE ONLY public.add_backend_application
    ADD CONSTRAINT add_backend_application_creator_id_a6490fe1_fk_auth_user_id FOREIGN KEY (creator_id) REFERENCES public.auth_user(id) DEFERRABLE INITIALLY DEFERRED;


--
-- Name: add_backend_application add_backend_application_moderator_id_55172efe_fk_auth_user_id; Type: FK CONSTRAINT; Schema: public; Owner: admin
--

ALTER TABLE ONLY public.add_backend_application
    ADD CONSTRAINT add_backend_application_moderator_id_55172efe_fk_auth_user_id FOREIGN KEY (moderator_id) REFERENCES public.auth_user(id) DEFERRABLE INITIALLY DEFERRED;


--
-- Name: auth_group_permissions auth_group_permissio_permission_id_84c5c92e_fk_auth_perm; Type: FK CONSTRAINT; Schema: public; Owner: admin
--

ALTER TABLE ONLY public.auth_group_permissions
    ADD CONSTRAINT auth_group_permissio_permission_id_84c5c92e_fk_auth_perm FOREIGN KEY (permission_id) REFERENCES public.auth_permission(id) DEFERRABLE INITIALLY DEFERRED;


--
-- Name: auth_group_permissions auth_group_permissions_group_id_b120cbf9_fk_auth_group_id; Type: FK CONSTRAINT; Schema: public; Owner: admin
--

ALTER TABLE ONLY public.auth_group_permissions
    ADD CONSTRAINT auth_group_permissions_group_id_b120cbf9_fk_auth_group_id FOREIGN KEY (group_id) REFERENCES public.auth_group(id) DEFERRABLE INITIALLY DEFERRED;


--
-- Name: auth_permission auth_permission_content_type_id_2f476e4b_fk_django_co; Type: FK CONSTRAINT; Schema: public; Owner: admin
--

ALTER TABLE ONLY public.auth_permission
    ADD CONSTRAINT auth_permission_content_type_id_2f476e4b_fk_django_co FOREIGN KEY (content_type_id) REFERENCES public.django_content_type(id) DEFERRABLE INITIALLY DEFERRED;


--
-- Name: auth_user_groups auth_user_groups_group_id_97559544_fk_auth_group_id; Type: FK CONSTRAINT; Schema: public; Owner: admin
--

ALTER TABLE ONLY public.auth_user_groups
    ADD CONSTRAINT auth_user_groups_group_id_97559544_fk_auth_group_id FOREIGN KEY (group_id) REFERENCES public.auth_group(id) DEFERRABLE INITIALLY DEFERRED;


--
-- Name: auth_user_groups auth_user_groups_user_id_6a12ed8b_fk_auth_user_id; Type: FK CONSTRAINT; Schema: public; Owner: admin
--

ALTER TABLE ONLY public.auth_user_groups
    ADD CONSTRAINT auth_user_groups_user_id_6a12ed8b_fk_auth_user_id FOREIGN KEY (user_id) REFERENCES public.auth_user(id) DEFERRABLE INITIALLY DEFERRED;


--
-- Name: auth_user_user_permissions auth_user_user_permi_permission_id_1fbb5f2c_fk_auth_perm; Type: FK CONSTRAINT; Schema: public; Owner: admin
--

ALTER TABLE ONLY public.auth_user_user_permissions
    ADD CONSTRAINT auth_user_user_permi_permission_id_1fbb5f2c_fk_auth_perm FOREIGN KEY (permission_id) REFERENCES public.auth_permission(id) DEFERRABLE INITIALLY DEFERRED;


--
-- Name: auth_user_user_permissions auth_user_user_permissions_user_id_a95ead1b_fk_auth_user_id; Type: FK CONSTRAINT; Schema: public; Owner: admin
--

ALTER TABLE ONLY public.auth_user_user_permissions
    ADD CONSTRAINT auth_user_user_permissions_user_id_a95ead1b_fk_auth_user_id FOREIGN KEY (user_id) REFERENCES public.auth_user(id) DEFERRABLE INITIALLY DEFERRED;


--
-- Name: django_admin_log django_admin_log_content_type_id_c4bce8eb_fk_django_co; Type: FK CONSTRAINT; Schema: public; Owner: admin
--

ALTER TABLE ONLY public.django_admin_log
    ADD CONSTRAINT django_admin_log_content_type_id_c4bce8eb_fk_django_co FOREIGN KEY (content_type_id) REFERENCES public.django_content_type(id) DEFERRABLE INITIALLY DEFERRED;


--
-- Name: django_admin_log django_admin_log_user_id_c564eba6_fk_auth_user_id; Type: FK CONSTRAINT; Schema: public; Owner: admin
--

ALTER TABLE ONLY public.django_admin_log
    ADD CONSTRAINT django_admin_log_user_id_c564eba6_fk_auth_user_id FOREIGN KEY (user_id) REFERENCES public.auth_user(id) DEFERRABLE INITIALLY DEFERRED;


--
-- Name: token_blacklist_blacklistedtoken token_blacklist_blacklistedtoken_token_id_3cc7fe56_fk; Type: FK CONSTRAINT; Schema: public; Owner: admin
--

ALTER TABLE ONLY public.token_blacklist_blacklistedtoken
    ADD CONSTRAINT token_blacklist_blacklistedtoken_token_id_3cc7fe56_fk FOREIGN KEY (token_id) REFERENCES public.token_blacklist_outstandingtoken(id) DEFERRABLE INITIALLY DEFERRED;


--
-- Name: token_blacklist_outstandingtoken token_blacklist_outs_user_id_83bc629a_fk_auth_user; Type: FK CONSTRAINT; Schema: public; Owner: admin
--

ALTER TABLE ONLY public.token_blacklist_outstandingtoken
    ADD CONSTRAINT token_blacklist_outs_user_id_83bc629a_fk_auth_user FOREIGN KEY (user_id) REFERENCES public.auth_user(id) DEFERRABLE INITIALLY DEFERRED;


--
-- PostgreSQL database dump complete
--

